<!DOCTYPE suite SYSTEM "https://testng.org/testng-1.0.dtd">

<suite name="Sort and String" verbose="1">
    <test name="One positive test sort, one positive test string operation">
        <groups>
            <run>
                <include name="positive"/>
                <include name="negative"/>
            </run>
        </groups>
        <classes>
            <class name="org.example.TestSort">
                <methods>
                    <include name="TestInsertionSort"/>
                </methods>
            </class>
            <class name = "org.example.TestStringOperations">
                <methods>
                    <include name ="TestStringCompression"/>
                </methods>
            </class>
        </classes>
    </test>
</suite>